Index,url,diameter (mm),width (mm),Nominal speed (rpm),Nominal torque (max. continuous torque) (mNm),Weight (g)
0,https://www.maxongroup.com/maxon/view/product/motor/ecmotor/ecframeless/EC90Frameless/542099,90,42.0,1770,989.0,814
1,https://www.maxongroup.com/maxon/view/product/motor/ecmotor/ecflat/ecflat90/607326,90,39.9,1770,989.0,985
2,https://www.maxongroup.com/maxon/view/product/motor/ecmotor/ecflat/ecflat90/500266,90,39.9,1780,988.0,985
3,https://www.maxongroup.com/maxon/view/product/motor/ecmotor/ecflat/ecflat90/500267,90,39.9,1670,964.0,985
4,https://www.maxongroup.com/maxon/view/product/motor/ecmotor/ecframeless/EC90Frameless/581294,90,42.0,1660,964.0,814
5,https://www.maxongroup.com/maxon/view/product/motor/ecmotor/ecflat/ecflat90/500268,90,39.9,1690,963.0,985
6,https://www.maxongroup.com/maxon/view/product/motor/ecmotor/ecframeless/EC90Frameless/581295,90,42.0,1690,963.0,814
7,https://www.maxongroup.com/maxon/view/product/motor/ecmotor/ecflat/ecflat90/607328,90,39.9,1690,963.0,985
8,https://www.maxongroup.com/maxon/view/product/motor/ecmotor/ecflat/ecflat90/607950,90,39.9,2340,961.0,638
9,https://www.maxongroup.com/maxon/view/product/motor/ecmotor/ecflat/ecflat90/607954,90,39.9,2340,961.0,638
10,https://www.maxongroup.com/maxon/view/product/motor/ecmotor/ecflat/ecflat90/607953,90,39.9,2310,958.0,638
11,https://www.maxongroup.com/maxon/view/product/motor/ecmotor/ecflat/ecflat90/607951,90,39.9,2270,941.0,638
12,https://www.maxongroup.com/maxon/view/product/motor/ecmotor/ecflat/ecflat90/607955,90,39.9,2270,941.0,638
13,https://www.maxongroup.com/maxon/view/product/motor/ecmotor/ecflat/ecflat90/607952,90,39.9,1890,901.0,638
14,https://www.maxongroup.com/maxon/view/product/motor/ecmotor/ecflat/ecflat90/607956,90,39.9,1890,901.0,638
15,https://www.maxongroup.com/maxon/view/product/motor/ecmotor/ecflat/ecflat90/607942,90,27.4,2490,729.0,624
16,https://www.maxongroup.com/maxon/view/product/motor/ecmotor/ecflat/ecflat90/607946,90,27.4,2490,729.0,624
17,https://www.maxongroup.com/maxon/view/product/motor/ecmotor/ecflat/ecflat90/607943,90,27.4,2420,721.0,624
18,https://www.maxongroup.com/maxon/view/product/motor/ecmotor/ecflat/ecflat90/607947,90,27.4,2420,715.0,624
19,https://www.maxongroup.com/maxon/view/product/motor/ecmotor/ecflat/ecflat90/607944,90,27.4,2020,697.0,624
20,https://www.maxongroup.com/maxon/view/product/motor/ecmotor/ecflat/ecflat90/607948,90,27.4,2020,691.0,624
21,https://www.maxongroup.com/maxon/view/product/motor/ecmotor/ecflat/ecflat90/429271,90,28.7,2510,560.0,600
22,https://www.maxongroup.com/maxon/view/product/motor/ecmotor/ecflat/ecflat90/244879,90,26.7,1610,533.0,600
23,https://www.maxongroup.com/maxon/view/product/motor/ecmotor/ecflat/ecflat90/515458,90,27.4,2720,462.0,635
24,https://www.maxongroup.com/maxon/view/product/motor/ecmotor/ecframeless/EC90Frameless/543673,90,29.5,2710,462.0,490
25,https://www.maxongroup.com/maxon/view/product/motor/ecmotor/ecflat/ecflat90/607322,90,27.4,2710,462.0,655
26,https://www.maxongroup.com/maxon/view/product/motor/ecmotor/ecflat/ecflat90/580047,90,27.4,2200,460.0,635
27,https://www.maxongroup.com/maxon/view/product/motor/ecmotor/ecframeless/EC90Frameless/581302,90,29.5,2200,460.0,490
28,https://www.maxongroup.com/maxon/view/product/motor/ecmotor/ecflat/ecflat90/607324,90,27.4,2200,460.0,655
29,https://www.maxongroup.com/maxon/view/product/motor/ecmotor/ecframeless/EC90Frameless/588847,90,29.5,2670,459.0,490
30,https://www.maxongroup.com/maxon/view/product/motor/ecmotor/ecflat/ecflat90/607321,90,27.4,2670,459.0,655
31,https://www.maxongroup.com/maxon/view/product/motor/ecmotor/ecflat/ecflat90/505592,90,27.4,2630,457.0,635
32,https://www.maxongroup.com/maxon/view/product/motor/ecmotor/ecframeless/EC90Frameless/581301,90,29.5,2630,457.0,490
33,https://www.maxongroup.com/maxon/view/product/motor/ecmotor/ecflat/ecflat90/607323,90,27.4,2630,457.0,655
34,https://www.maxongroup.com/maxon/view/product/motor/ecmotor/ecflat/ecflat90/323772,90,28.7,2590,444.0,600
35,https://www.maxongroup.com/maxon/view/product/motor/ecmotor/ecflat/ecflat90/607937,90,52.4,1620,1610.0,988
36,https://www.maxongroup.com/maxon/view/product/motor/ecmotor/ecflat/ecflat90/597974,90,52.4,1620,1560.0,988
37,https://www.maxongroup.com/maxon/view/product/motor/ecmotor/ecflat/ecflat90/607938,90,52.4,1620,1560.0,988
38,https://www.maxongroup.com/maxon/view/product/motor/ecmotor/ecflat/ecflat90/597976,90,52.4,1540,1500.0,988
39,https://www.maxongroup.com/maxon/view/product/motor/ecmotor/ecflat/ecflat90/607940,90,52.4,1540,1500.0,988
40,https://www.maxongroup.com/maxon/view/product/motor/ecmotor/ecflat/ecflat90/597975,90,52.4,1520,1490.0,988
41,https://www.maxongroup.com/maxon/view/product/motor/ecmotor/ecflat/ecflat90/607939,90,52.4,1520,1490.0,988
42,https://www.maxongroup.com/maxon/view/product/motor/ecmotor/ecflat/ecflat90/607933,90,39.9,1700,1300.0,964
43,https://www.maxongroup.com/maxon/view/product/motor/ecmotor/ecflat/ecflat90/607930,90,39.9,1700,1260.0,964
44,https://www.maxongroup.com/maxon/view/product/motor/ecmotor/ecflat/ecflat90/607934,90,39.9,1700,1260.0,964
45,https://www.maxongroup.com/maxon/view/product/motor/ecmotor/ecflat/ecflat90/607932,90,39.9,1620,1220.0,964
46,https://www.maxongroup.com/maxon/view/product/motor/ecmotor/ecflat/ecflat90/607936,90,39.9,1620,1220.0,964
47,https://www.maxongroup.com/maxon/view/product/motor/ecmotor/ecflat/ecflat90/607931,90,39.9,1600,1210.0,964
48,https://www.maxongroup.com/maxon/view/product/motor/ecmotor/ecflat/ecflat90/607935,90,39.9,1600,1210.0,964
49,https://www.maxongroup.com/maxon/view/product/motor/ecmotor/ecframeless/EC90Frameless/588849,90,42.0,1770,1020.0,814
50,https://www.maxongroup.com/maxon/view/product/motor/ecmotor/ecflat/ecflat90/607325,90,39.9,1770,1020.0,985
51,https://www.maxongroup.com/maxon/view/product/motor/ecmotor/ecflat/ecflat92/371119,9,12.5,3950,0.734,3
52,https://www.maxongroup.com/maxon/view/product/motor/ecmotor/ecflat/ecflat92/624161,9,12.5,3950,0.734,3
53,https://www.maxongroup.com/maxon/view/product/motor/ecmotor/ecflat/ecflat92/371120,9,12.5,3620,0.702,3
54,https://www.maxongroup.com/maxon/view/product/motor/ecmotor/ecflat/ecflat92/624162,9,12.5,3620,0.702,3
55,https://www.maxongroup.com/maxon/view/product/motor/ecmotor/ecflat/ecflat92/624163,9,12.5,5240,0.684,3
56,https://www.maxongroup.com/maxon/view/product/motor/ecmotor/ecflat/ecflat92/371122,9,12.5,5450,0.683,3
57,https://www.maxongroup.com/maxon/view/product/motor/ecmotor/ecframelessdt/ECDT85Frameless/740953,85,33.0,2850,1710.0,741
58,https://www.maxongroup.com/maxon/view/product/motor/Konfigurierbare-Motoren/Buerstenlose-DC-Motoren/ECX08-SPEED/ECXZ08M1KF50N1IL1D569A,8,23.0,21200,1.26,6
59,https://www.maxongroup.com/maxon/view/product/motor/Konfigurierbare-Motoren/Buerstenlose-DC-Motoren/ECX08-SPEED/ECXZ08M1KF50N1IL1D569B,8,23.0,21200,1.26,6
60,https://www.maxongroup.com/maxon/view/product/motor/Konfigurierbare-Motoren/Buerstenlose-DC-Motoren/ECX08-SPEED/ECXZ08M1KF50N1IL1D593A,8,23.0,22800,1.26,6
61,https://www.maxongroup.com/maxon/view/product/motor/Konfigurierbare-Motoren/Buerstenlose-DC-Motoren/ECX08-SPEED/ECXZ08M1KF50N1IL1D593B,8,23.0,22800,1.26,6
62,https://www.maxongroup.com/maxon/view/product/motor/Konfigurierbare-Motoren/Buerstenlose-DC-Motoren/ECX08-SPEED/ECXZ08M1KF50N1IL1D509A,8,23.0,26700,1.23,6
63,https://www.maxongroup.com/maxon/view/product/motor/Konfigurierbare-Motoren/Buerstenlose-DC-Motoren/ECX08-SPEED/ECXZ08M1KF50N1IL1D509B,8,23.0,26700,1.23,6
64,https://www.maxongroup.com/maxon/view/product/motor/ecmotor/ec/ec8/384406,8,23.0,24000,0.977,6
65,https://www.maxongroup.com/maxon/view/product/motor/ecmotor/ec/ec8/468334,8,23.0,24000,0.977,6
66,https://www.maxongroup.com/maxon/view/product/motor/ecmotor/ec/ec8/468337,8,23.0,24000,0.977,6
67,https://www.maxongroup.com/maxon/view/product/motor/ecmotor/ec/ec8/384407,8,23.0,32800,0.945,6
68,https://www.maxongroup.com/maxon/view/product/motor/ecmotor/ec/ec8/468336,8,23.0,32000,0.944,6
69,https://www.maxongroup.com/maxon/view/product/motor/ecmotor/ec/ec8/468339,8,23.0,32000,0.944,6
70,https://www.maxongroup.com/maxon/view/product/motor/ecmotor/ec/ec8/468335,8,23.0,32800,0.942,6
71,https://www.maxongroup.com/maxon/view/product/motor/ecmotor/ec/ec8/468338,8,23.0,32800,0.942,6
72,https://www.maxongroup.com/maxon/view/product/motor/Konfigurierbare-Motoren/Buerstenlose-DC-Motoren/ECX08-SPEED/ECXZ08M1VF44N1IL1D527A,8,23.0,24200,0.917,6
73,https://www.maxongroup.com/maxon/view/product/motor/Konfigurierbare-Motoren/Buerstenlose-DC-Motoren/ECX08-SPEED/ECXZ08M1VF44N1IL1D527B,8,23.0,24200,0.917,6
74,https://www.maxongroup.com/maxon/view/product/motor/Konfigurierbare-Motoren/Buerstenlose-DC-Motoren/ECX08-SPEED/ECXZ08M1VF44N1IL1D649A,8,23.0,32300,0.877,6
75,https://www.maxongroup.com/maxon/view/product/motor/Konfigurierbare-Motoren/Buerstenlose-DC-Motoren/ECX08-SPEED/ECXZ08M1VF44N1IL1D649B,8,23.0,32300,0.877,6
76,https://www.maxongroup.com/maxon/view/product/motor/Konfigurierbare-Motoren/Buerstenlose-DC-Motoren/ECX08-SPEED/ECXZ08M1VF44N1IL1D577A,8,23.0,33100,0.874,6
77,https://www.maxongroup.com/maxon/view/product/motor/Konfigurierbare-Motoren/Buerstenlose-DC-Motoren/ECX08-SPEED/ECXZ08M1VF44N1IL1D577B,8,23.0,33100,0.874,6
78,https://www.maxongroup.com/maxon/view/product/motor/dcmotor/DCX/DCX8/DCX08M01EBSL537,8,16.0,4780,0.653,4
79,https://www.maxongroup.com/maxon/view/product/motor/dcmotor/DCX/DCX8/DCX08M01EBSL666,8,16.0,5190,0.652,4
80,https://www.maxongroup.com/maxon/view/product/motor/dcmotor/DCX/DCX8/DCX08M01EBKL537,8,16.0,4790,0.649,4
81,https://www.maxongroup.com/maxon/view/product/motor/dcmotor/DCX/DCX8/DCX08M01EBSL591,8,16.0,4950,0.649,4
82,https://www.maxongroup.com/maxon/view/product/motor/dcmotor/DCX/DCX8/DCX08M01EBKL666,8,16.0,5200,0.647,4
83,https://www.maxongroup.com/maxon/view/product/motor/dcmotor/DCX/DCX8/DCX08M01EBKL591,8,16.0,4970,0.641,4
84,https://www.maxongroup.com/maxon/view/product/motor/dcmotor/DCX/DCX8/DCX08M01EBSL633,8,16.0,4190,0.641,4
85,https://www.maxongroup.com/maxon/view/product/motor/dcmotor/DCX/DCX8/DCX08M01EBKL633,8,16.0,4200,0.637,4
86,https://www.maxongroup.com/maxon/view/product/motor/dcmotor/re/re08/347723,8,16.0,4230,0.635,4
87,https://www.maxongroup.com/maxon/view/product/motor/dcmotor/re/re08/462207,8,19.0,4230,0.635,4
88,https://www.maxongroup.com/maxon/view/product/motor/dcmotor/re/re08/347726,8,16.0,4750,0.633,4
89,https://www.maxongroup.com/maxon/view/product/motor/dcmotor/re/re08/463222,8,16.0,4750,0.633,4
90,https://www.maxongroup.com/maxon/view/product/motor/dcmotor/re/re08/463219,8,19.6,4440,0.631,4
91,https://www.maxongroup.com/maxon/view/product/motor/dcmotor/re/re08/463223,8,16.0,5120,0.63,4
92,https://www.maxongroup.com/maxon/view/product/motor/dcmotor/re/re08/347725,8,16.0,3490,0.623,4
93,https://www.maxongroup.com/maxon/view/product/motor/dcmotor/re/re08/463220,8,16.0,3490,0.623,4
94,https://www.maxongroup.com/maxon/view/product/motor/dcmotor/DCX/DCX8/DCX08M01EBSL644,8,16.0,4820,0.62,4
95,https://www.maxongroup.com/maxon/view/product/motor/dcmotor/DCX/DCX8/DCX08M01EBKL644,8,16.0,4830,0.616,4
96,https://www.maxongroup.com/maxon/view/product/motor/dcmotor/DCX/DCX8/DCX08M01EBSL687,8,16.0,5800,0.614,4
97,https://www.maxongroup.com/maxon/view/product/motor/dcmotor/DCX/DCX8/DCX08M01EBKL687,8,16.0,5810,0.609,4
98,https://www.maxongroup.com/maxon/view/product/motor/dcmotor/re/re08/347728,8,16.0,4210,0.602,4
99,https://www.maxongroup.com/maxon/view/product/motor/dcmotor/re/re08/463221,8,16.0,4210,0.602,4
100,https://www.maxongroup.com/maxon/view/product/motor/ecmotor/IDX-MOTOR/IDX-70-MOTOR/IDX-70-L-MOTOR/IDX70LA0STD4Y558B,70,193.0,2430,3710.0,2995
101,https://www.maxongroup.com/maxon/view/product/motor/ecmotor/IDX-MOTOR/IDX-70-MOTOR/IDX-70-L-MOTOR/IDX70LA0STD4Y574B,70,193.0,2720,3350.0,2995
102,https://www.maxongroup.com/maxon/view/product/motor/ecmotor/IDX-MOTOR/IDX-70-MOTOR/IDX-70-L-MOTOR/IDX70LABSTD4Y574B,70,232.0,2720,3350.0,3475
103,https://www.maxongroup.com/maxon/view/product/motor/ecmotor/IDX-MOTOR/IDX-70-MOTOR/IDX-70-M-MOTOR/IDX70MA0STD4Y595B,70,158.0,3180,2600.0,2295
104,https://www.maxongroup.com/maxon/view/product/motor/ecmotor/IDX-MOTOR/IDX-70-MOTOR/IDX-70-M-MOTOR/IDX70MABSTD4Y595B,70,197.0,3180,2600.0,2775
105,https://www.maxongroup.com/maxon/view/product/motor/ecmotor/IDX-MOTOR/IDX-70-MOTOR/IDX-70-M-MOTOR/IDX70MA0STD4Y574B,70,158.0,3140,2480.0,2295
106,https://www.maxongroup.com/maxon/view/product/motor/ecmotor/IDX-MOTOR/IDX-70-MOTOR/IDX-70-M-MOTOR/IDX70MABSTD4Y574B,70,197.0,3140,2480.0,2775
107,https://www.maxongroup.com/maxon/view/product/motor/ecmotor/IDX-MOTOR/IDX-70-MOTOR/IDX-70-S-MOTOR/IDX70SA0STD4Y548B,70,123.0,4090,1520.0,1595
108,https://www.maxongroup.com/maxon/view/product/motor/ecmotor/IDX-MOTOR/IDX-70-MOTOR/IDX-70-S-MOTOR/IDX70SABSTD4Y548B,70,162.0,4090,1520.0,2075
109,https://www.maxongroup.com/maxon/view/product/motor/ecmotor/IDX-MOTOR/IDX-70-MOTOR/IDX-70-S-MOTOR/IDX70SA0STD4Y582B,70,123.0,4120,1490.0,1595
110,https://www.maxongroup.com/maxon/view/product/motor/ecmotor/IDX-MOTOR/IDX-70-MOTOR/IDX-70-S-MOTOR/IDX70SA0STD4Y636B,70,123.0,4320,1400.0,1595
111,https://www.maxongroup.com/maxon/view/product/motor/ecmotor/IDX-MOTOR/IDX-70-MOTOR/IDX-70-S-MOTOR/IDX70SABSTD4Y636B,70,162.0,4320,1400.0,2075
112,https://www.maxongroup.com/maxon/view/product/motor/ecmotor/IDX-MOTOR/IDX-70-MOTOR/IDX-70-S-MOTOR/IDX70SABSTD4Y636B,70,162.0,4320,1400.0,2075
113,https://www.maxongroup.com/maxon/view/product/motor/dcmotor/re/re65/353300,65,131.4,2960,839.0,2100
114,https://www.maxongroup.com/maxon/view/product/motor/dcmotor/re/re65/353301,65,131.4,2480,836.0,2100
115,https://www.maxongroup.com/maxon/view/product/motor/dcmotor/re/re65/353299,65,131.4,3220,832.0,2100
116,https://www.maxongroup.com/maxon/view/product/motor/dcmotor/re/re65/353297,65,131.4,3420,800.0,2100
117,https://www.maxongroup.com/maxon/view/product/motor/dcmotor/re/re65/388991,65,131.4,2490,800.0,2100
118,https://www.maxongroup.com/maxon/view/product/motor/dcmotor/re/re65/388990,65,131.4,2970,793.0,2100
119,https://www.maxongroup.com/maxon/view/product/motor/dcmotor/re/re65/388989,65,131.4,3230,780.0,2100
120,https://www.maxongroup.com/maxon/view/product/motor/dcmotor/re/re65/388988,65,131.4,3460,754.0,2100
121,https://www.maxongroup.com/maxon/view/product/motor/dcmotor/re/re65/388987,65,131.4,3430,742.0,2100
122,https://www.maxongroup.com/maxon/view/product/motor/ecmotor/ecframelessdt/ECDT65Frameless/783327,65,25.0,3840,688.0,377
123,https://www.maxongroup.com/maxon/view/product/motor/dcmotor/re/re65/388986,65,131.4,3710,684.0,2100
124,https://www.maxongroup.com/maxon/view/product/motor/dcmotor/re/re65/388985,65,131.4,3810,484.0,2100
125,https://www.maxongroup.com/maxon/view/product/motor/dcmotor/re/re65/353294,65,131.4,3250,427.0,2100
126,https://www.maxongroup.com/maxon/view/product/motor/dcmotor/re/re65/388984,65,131.4,3250,412.0,2100
127,https://www.maxongroup.com/maxon/view/product/motor/ecmotor/ecframelessdt/ECDT65Frameless/783332,65,33.0,2170,1130.0,524
128,https://www.maxongroup.com/maxon/view/product/motor/ecmotor/ec/ec60/167131,60,177.3,2680,843.0,2450
129,https://www.maxongroup.com/maxon/view/product/motor/ecmotor/ec/ec60/167132,60,177.3,4960,768.0,2450
130,https://www.maxongroup.com/maxon/view/product/motor/ecmotor/ecflat/ecflat60/625861,60,38.0,3020,581.0,360
131,https://www.maxongroup.com/maxon/view/product/motor/ecmotor/ecflat/ecflat60/647697,60,38.0,3020,581.0,375
132,https://www.maxongroup.com/maxon/view/product/motor/ecmotor/ecflat/ecflat60/614949,60,38.0,3240,540.0,360
133,https://www.maxongroup.com/maxon/view/product/motor/ecmotor/ecflat/ecflat60/642221,60,38.0,3240,540.0,375
134,https://www.maxongroup.com/maxon/view/product/motor/ecmotor/ecflat/ecflat60/625860,60,38.0,2790,496.0,360
135,https://www.maxongroup.com/maxon/view/product/motor/ecmotor/ecflat/ecflat60/647696,60,38.0,2790,496.0,375
136,https://www.maxongroup.com/maxon/view/product/motor/ecmotor/ecflat/ecflat60/625859,60,38.0,3230,441.0,350
137,https://www.maxongroup.com/maxon/view/product/motor/ecmotor/ecflat/ecflat60/647695,60,38.0,3230,441.0,365
138,https://www.maxongroup.com/maxon/view/product/motor/ecmotor/ecflat/ecflat60/625858,60,38.0,3480,405.0,350
139,https://www.maxongroup.com/maxon/view/product/motor/ecmotor/ecflat/ecflat60/647694,60,38.0,3480,405.0,365
140,https://www.maxongroup.com/maxon/view/product/motor/ecmotor/ecflat/ecflat60/625857,60,38.0,2990,381.0,350
141,https://www.maxongroup.com/maxon/view/product/motor/ecmotor/ecflat/ecflat60/647693,60,38.0,2990,378.0,365
142,https://www.maxongroup.com/maxon/view/product/motor/ecmotor/ecflat/ecflat60/412825,60,38.05,3500,310.0,470
143,https://www.maxongroup.com/maxon/view/product/motor/ecmotor/ecframeless/EC60Frameless/550154,60,37.0,3500,310.0,333
144,https://www.maxongroup.com/maxon/view/product/motor/ecmotor/ecflat/ecflat60/625856,60,38.0,3460,301.0,355
145,https://www.maxongroup.com/maxon/view/product/motor/ecmotor/ecflat/ecflat60/647692,60,38.0,3460,301.0,370
146,https://www.maxongroup.com/maxon/view/product/motor/ecmotor/ecflat/ecflat60/411678,60,38.05,3750,280.0,470
147,https://www.maxongroup.com/maxon/view/product/motor/ecmotor/ecframeless/EC60Frameless/542002,60,37.0,3750,279.0,333
148,https://www.maxongroup.com/maxon/view/product/motor/ecmotor/ecflat/ecflat60/412823,60,38.05,3180,272.0,470
149,https://www.maxongroup.com/maxon/view/product/motor/ecmotor/ecframeless/EC60Frameless/550153,60,37.0,3190,272.0,333
150,https://www.maxongroup.com/maxon/view/product/motor/ecmotor/ecflat/ecflat60/625855,60,38.0,3730,272.0,355
151,https://www.maxongroup.com/maxon/view/product/motor/ecmotor/ecflat/ecflat60/645604,60,38.0,3730,272.0,370
152,https://www.maxongroup.com/maxon/view/product/motor/ecmotor/ecflat/ecflat60/625854,60,38.0,3210,263.0,355
153,https://www.maxongroup.com/maxon/view/product/motor/ecmotor/ecflat/ecflat60/647691,60,38.0,3210,263.0,370
154,https://www.maxongroup.com/maxon/view/product/motor/ecmotor/ecflat/ecflat60/412821,60,43.0,3600,243.0,470
155,https://www.maxongroup.com/maxon/view/product/motor/ecmotor/ecflat/ecflat60/412819,60,43.0,3270,220.0,470
156,https://www.maxongroup.com/maxon/view/product/motor/ecmotor/ecflat/ecflat60/408057,60,43.0,3860,212.0,470
157,https://www.maxongroup.com/maxon/view/product/motor/dcmotor/DC-Sonderprogramm/2260.880-51.216-200,60,122.0,13300,-32.0,1300
158,https://www.maxongroup.com/maxon/view/product/motor/ecmotor/ECX/ECX-PRIME/ECX06-PRIME/ECXZ06M1KC50E2IL1Y474A,6,19.9,29500,0.58,3
159,https://www.maxongroup.com/maxon/view/product/motor/ecmotor/ECX/ECX-PRIME/ECX06-PRIME/ECXZ06M1KC50E2IL1Y543A,6,19.9,29500,0.58,3
160,https://www.maxongroup.com/maxon/view/product/motor/ecmotor/ec/ec6/455419,6,21.5,46800,0.425,3
161,https://www.maxongroup.com/maxon/view/product/motor/ecmotor/ec/ec6/455422,6,21.5,47000,0.425,3
162,https://www.maxongroup.com/maxon/view/product/motor/ecmotor/ECX/ECX-SPEED/ECX06-SPEED/ECXZ06M1KF44N1IL1D591A,6,21.3,46800,0.425,3
163,https://www.maxongroup.com/maxon/view/product/motor/ecmotor/ECX/ECX-SPEED/ECX06-SPEED/ECXZ06M1KF44N1IL1D591B,6,21.3,47000,0.425,3
164,https://www.maxongroup.com/maxon/view/product/motor/ecmotor/ec/ec6/455417,6,21.5,52300,0.413,3
165,https://www.maxongroup.com/maxon/view/product/motor/ecmotor/ec/ec6/455418,6,21.5,44900,0.412,3
166,https://www.maxongroup.com/maxon/view/product/motor/ecmotor/ec/ec6/455420,6,21.5,54900,0.412,3
167,https://www.maxongroup.com/maxon/view/product/motor/ecmotor/ECX/ECX-SPEED/ECX06-SPEED/ECXZ06M1KF44N1IL1D436B,6,21.3,54900,0.412,3
168,https://www.maxongroup.com/maxon/view/product/motor/ecmotor/ECX/ECX-SPEED/ECX06-SPEED/ECXZ06M1KF44N1IL1D523A,6,21.3,44900,0.412,3
169,https://www.maxongroup.com/maxon/view/product/motor/ecmotor/ec/ec6/455421,6,21.5,45400,0.411,3
170,https://www.maxongroup.com/maxon/view/product/motor/ecmotor/ECX/ECX-SPEED/ECX06-SPEED/ECXZ06M1KF44N1IL1D523B,6,21.3,45400,0.411,3
171,https://www.maxongroup.com/maxon/view/product/motor/dcmotor/DCX/DCX6/DCX06M01EBSL570,6,15.6,5940,0.335,2
172,https://www.maxongroup.com/maxon/view/product/motor/ecmotor/ec/ec6/455019,6,21.5,25700,0.334,3
173,https://www.maxongroup.com/maxon/view/product/motor/ecmotor/ECX/ECX-SPEED/ECX06-SPEED/ECXZ06M1VF44N1IL1D564A,6,21.3,25500,0.334,3
174,https://www.maxongroup.com/maxon/view/product/motor/ecmotor/ECX/ECX-SPEED/ECX06-SPEED/ECXZ06M1VF44N1IL1D564B,6,21.3,25700,0.334,3
175,https://www.maxongroup.com/maxon/view/product/motor/dcmotor/DCX/DCX6/DCX06M01EBKL570,6,15.6,5950,0.332,2
176,https://www.maxongroup.com/maxon/view/product/motor/dcmotor/re/re06/386781,6,19.6,5610,0.329,2
177,https://www.maxongroup.com/maxon/view/product/motor/dcmotor/DCX/DCX6/DCX06M01EBSL611,6,15.6,5730,0.329,2
178,https://www.maxongroup.com/maxon/view/product/motor/dcmotor/DCX/DCX6/DCX06M01EBKL611,6,15.6,5740,0.326,2
179,https://www.maxongroup.com/maxon/view/product/motor/dcmotor/DCX/DCX6/DCX06M01EBKL640,6,15.6,5700,0.325,2
180,https://www.maxongroup.com/maxon/view/product/motor/dcmotor/re/re06/349191,6,15.6,5370,0.323,2
181,https://www.maxongroup.com/maxon/view/product/motor/dcmotor/re/re06/386782,6,19.6,5370,0.323,2
182,https://www.maxongroup.com/maxon/view/product/motor/dcmotor/re/re06/386783,6,19.6,5320,0.322,2
183,https://www.maxongroup.com/maxon/view/product/motor/ecmotor/ECX/ECX-SPEED/ECX06-SPEED/ECXZ06M1VF44N1IL1D659A,6,21.3,13900,0.322,3
184,https://www.maxongroup.com/maxon/view/product/motor/ecmotor/ec/ec6/468896,6,21.5,14000,0.32,3
185,https://www.maxongroup.com/maxon/view/product/motor/ecmotor/ECX/ECX-SPEED/ECX06-SPEED/ECXZ06M1VF44N1IL1D659B,6,21.3,14000,0.32,3
186,https://www.maxongroup.com/maxon/view/product/motor/dcmotor/DCX/DCX6/DCX06M01EBSL501,6,15.6,4940,0.311,2
187,https://www.maxongroup.com/maxon/view/product/motor/dcmotor/DCX/DCX6/DCX06M01EBKL501,6,15.6,4950,0.309,2
188,https://www.maxongroup.com/maxon/view/product/motor/dcmotor/re/re06/349189,6,15.6,4470,0.306,2
189,https://www.maxongroup.com/maxon/view/product/motor/dcmotor/re/re06/386780,6,19.6,4470,0.306,2
190,https://www.maxongroup.com/maxon/view/product/motor/ecmotor/ec/ec6/250101,6,21.3,9790,0.261,3
191,https://www.maxongroup.com/maxon/view/product/motor/ecmotor/ec/ec6/310599,6,21.3,20600,0.252,3
192,https://www.maxongroup.com/maxon/view/product/motor/ecmotor/IDX-MOTOR/IDX-56-MOTOR/IDX-56-L-MOTOR/IDX56LA0STD4Y566B,56,157.0,4800,897.0,1196
193,https://www.maxongroup.com/maxon/view/product/motor/ecmotor/IDX-MOTOR/IDX-56-MOTOR/IDX-56-L-MOTOR/IDX56LABSTD4Y566B,56,177.0,4800,897.0,1426
194,https://www.maxongroup.com/maxon/view/product/motor/ecmotor/IDX-MOTOR/IDX-56-MOTOR/IDX-56-M-MOTOR/IDX56MA0STD4Y543B,56,127.0,4870,645.0,815
195,https://www.maxongroup.com/maxon/view/product/motor/ecmotor/IDX-MOTOR/IDX-56-MOTOR/IDX-56-M-MOTOR/IDX56MABSTD4Y543B,56,147.0,4870,645.0,1045
196,https://www.maxongroup.com/maxon/view/product/motor/ecmotor/IDX-MOTOR/IDX-56-MOTOR/IDX-56-M-MOTOR/IDX56MA0STD4Y589B,56,127.0,6350,563.0,815
197,https://www.maxongroup.com/maxon/view/product/motor/ecmotor/IDX-MOTOR/IDX-56-MOTOR/IDX-56-M-MOTOR/IDX56MABSTD4Y589B,56,147.0,6350,563.0,1045
198,https://www.maxongroup.com/maxon/view/product/motor/ecmotor/IDX-MOTOR/IDX-56-MOTOR/IDX-56-S-MOTOR/IDX56SA0STD4Y656B,56,107.0,5660,475.0,575
199,https://www.maxongroup.com/maxon/view/product/motor/ecmotor/IDX-MOTOR/IDX-56-MOTOR/IDX-56-S-MOTOR/IDX56SABSTD4Y656B,56,127.0,5660,475.0,804
200,https://www.maxongroup.com/maxon/view/product/motor/ecmotor/IDX-MOTOR/IDX-56-MOTOR/IDX-56-S-MOTOR/IDX56SA0STD4Y585B,56,107.0,5660,470.0,574
201,https://www.maxongroup.com/maxon/view/product/motor/ecmotor/IDX-MOTOR/IDX-56-MOTOR/IDX-56-S-MOTOR/IDX56SABSTD4Y585B,56,127.0,5660,470.0,804
202,https://www.maxongroup.com/maxon/view/product/motor/ecmotor/IDX-MOTOR/IDX-56-MOTOR/IDX-56-L-MOTOR/IDX56LA0STD4Y543B,56,157.0,2900,1040.0,1196
203,https://www.maxongroup.com/maxon/view/product/motor/ecmotor/IDX-MOTOR/IDX-56-MOTOR/IDX-56-L-MOTOR/IDX56LABSTD4Y543B,56,177.0,2900,1040.0,1426
204,https://www.maxongroup.com/maxon/view/product/motor/ecmotor/EC-i/667065,52,80.0,3800,972.0,752
205,https://www.maxongroup.com/maxon/view/product/motor/ecmotor/EC-i/667064,52,80.0,3470,904.0,752
206,https://www.maxongroup.com/maxon/view/product/motor/ecmotor/EC-i/596099,52,110.0,3300,655.0,1150
207,https://www.maxongroup.com/maxon/view/product/motor/ecmotor/EC-i/606793,52,110.0,2970,646.0,1150
208,https://www.maxongroup.com/maxon/view/product/motor/ecmotor/EC-i/667062,52,80.0,4280,646.0,750
209,https://www.maxongroup.com/maxon/view/product/motor/ecmotor/EC-i/634043,52,110.0,3610,627.0,1150
210,https://www.maxongroup.com/maxon/view/product/motor/ecmotor/EC-i/667063,52,80.0,4370,623.0,750
211,https://www.maxongroup.com/maxon/view/product/motor/ecmotor/EC-i/667061,52,80.0,4140,612.0,750
212,https://www.maxongroup.com/maxon/view/product/motor/ecmotor/EC-i/667060,52,80.0,3770,596.0,750
213,https://www.maxongroup.com/maxon/view/product/motor/ecmotor/EC-i/579164,52,80.0,4370,448.0,823
214,https://www.maxongroup.com/maxon/view/product/motor/ecmotor/EC-i/579165,52,80.0,4470,423.0,823
215,https://www.maxongroup.com/maxon/view/product/motor/ecmotor/EC-i/574740,52,80.0,4360,399.0,823
216,https://www.maxongroup.com/maxon/view/product/motor/ecmotor/EC-i/667066,52,80.0,3910,1050.0,752
217,https://www.maxongroup.com/maxon/view/product/motor/ecmotor/EC-i/633919,52,80.0,3990,1020.0,752
218,https://www.maxongroup.com/maxon/view/product/motor/dcmotor/re/re50/370357,50,108.0,2470,452.0,1100
219,https://www.maxongroup.com/maxon/view/product/motor/dcmotor/re/re50/578299,50,108.0,2470,452.0,1100
220,https://www.maxongroup.com/maxon/view/product/motor/dcmotor/re/re50/618573,50,108.0,2480,442.0,1100
221,https://www.maxongroup.com/maxon/view/product/motor/ecmotor/ecframelessdt/EC50Frameless/758031,50,27.0,3700,435.0,270
222,https://www.maxongroup.com/maxon/view/product/motor/dcmotor/re/re50/578298,50,108.0,4620,420.0,1100
223,https://www.maxongroup.com/maxon/view/product/motor/dcmotor/re/re50/578297,50,108.0,5420,418.0,1100
224,https://www.maxongroup.com/maxon/view/product/motor/dcmotor/re/re50/370356,50,108.0,4630,407.0,1100
225,https://www.maxongroup.com/maxon/view/product/motor/dcmotor/re/re50/370354,50,108.0,5680,405.0,1100
226,https://www.maxongroup.com/maxon/view/product/motor/dcmotor/re/re50/578296,50,108.0,5680,405.0,1100
227,https://www.maxongroup.com/maxon/view/product/motor/dcmotor/re/re50/389091,50,108.0,4630,404.0,1100
228,https://www.maxongroup.com/maxon/view/product/motor/dcmotor/re/re50/618572,50,108.0,4630,404.0,1100
229,https://www.maxongroup.com/maxon/view/product/motor/dcmotor/re/re50/389090,50,108.0,5430,400.0,1100
230,https://www.maxongroup.com/maxon/view/product/motor/dcmotor/re/re50/618571,50,108.0,5430,400.0,1100
231,https://www.maxongroup.com/maxon/view/product/motor/dcmotor/re/re50/370355,50,108.0,5430,392.0,1100
232,https://www.maxongroup.com/maxon/view/product/motor/dcmotor/re/re50/389089,50,108.0,5690,385.0,1100
233,https://www.maxongroup.com/maxon/view/product/motor/dcmotor/re/re50/618570,50,108.0,5690,385.0,1100
234,https://www.maxongroup.com/maxon/view/product/motor/ecmotor/ecframelessdt/EC50Frameless/734439,50,22.0,5630,322.0,225
235,https://www.maxongroup.com/maxon/view/product/motor/ecmotor/ecflat/ecflat45/353518,45,33.8,3000,99.7,226
236,https://www.maxongroup.com/maxon/view/product/motor/ecmotor/ecframeless/EC45Frameless/543631,45,23.7,5140,97.2,110
237,https://www.maxongroup.com/maxon/view/product/motor/ecmotor/ecflat/ecflat45/400106,45,21.15,5190,97.1,110
238,https://www.maxongroup.com/maxon/view/product/motor/ecmotor/ecflat/ecflat45/651607,45,22.0,5170,91.1,116
239,https://www.maxongroup.com/maxon/view/product/motor/ecmotor/ecflat/ecflat45/651611,45,22.0,5170,91.1,116
240,https://www.maxongroup.com/maxon/view/product/motor/ecmotor/ecflat/ecflat45/651608,45,22.0,5010,90.9,116
241,https://www.maxongroup.com/maxon/view/product/motor/ecmotor/ecflat/ecflat45/651612,45,22.0,5010,90.9,116
242,https://www.maxongroup.com/maxon/view/product/motor/ecmotor/ecflat/ecflat45/339287,45,21.15,2360,90.5,110
243,https://www.maxongroup.com/maxon/view/product/motor/ecmotor/ecflat/ecflat45/400108,45,21.15,2360,90.5,110
244,https://www.maxongroup.com/maxon/view/product/motor/ecmotor/ecframeless/EC45Frameless/574404,45,23.7,2350,90.5,110
245,https://www.maxongroup.com/maxon/view/product/motor/ecmotor/ecflat/ecflat45/370424,45,31.6,6000,87.7,226
246,https://www.maxongroup.com/maxon/view/product/motor/ecmotor/ecflat/ecflat45/688726,45,31.6,6000,87.7,226
247,https://www.maxongroup.com/maxon/view/product/motor/ecmotor/ecflat/ecflat45/251601,45,21.15,5240,83.4,110
248,https://www.maxongroup.com/maxon/view/product/motor/ecmotor/ecflat/ecflat45/387250,45,21.15,5240,83.4,110
249,https://www.maxongroup.com/maxon/view/product/motor/ecmotor/ecframeless/EC45Frameless/574402,45,23.7,5210,83.4,110
250,https://www.maxongroup.com/maxon/view/product/motor/ecmotor/ecflat/ecflat45/350909,45,33.8,6000,80.3,226
251,https://www.maxongroup.com/maxon/view/product/motor/ecmotor/ecflat/ecflat45/353519,45,33.8,6000,80.3,226
252,https://www.maxongroup.com/maxon/view/product/motor/ecmotor/ecflat/ecflat45/370425,45,33.8,6000,80.3,226
253,https://www.maxongroup.com/maxon/view/product/motor/ecmotor/ecflat/ecflat45/688721,45,33.8,6000,80.3,226
254,https://www.maxongroup.com/maxon/view/product/motor/ecmotor/ecflat/ecflat45/688722,45,33.8,6000,80.3,226
255,https://www.maxongroup.com/maxon/view/product/motor/ecmotor/ecflat/ecflat45/339286,45,21.15,3480,69.6,110
256,https://www.maxongroup.com/maxon/view/product/motor/ecmotor/ecflat/ecflat45/400107,45,21.15,3480,69.6,110
257,https://www.maxongroup.com/maxon/view/product/motor/ecmotor/ecframeless/EC45Frameless/574403,45,23.7,3460,69.6,110
258,https://www.maxongroup.com/maxon/view/product/motor/ecmotor/ecframeless/EC45Frameless/574538,45,20.55,3450,68.7,89
259,https://www.maxongroup.com/maxon/view/product/motor/ecmotor/ecflat/ecflat45/668557,45,17.8,3460,68.7,75
260,https://www.maxongroup.com/maxon/view/product/motor/ecmotor/ecflat/ecflat45/339284,45,16.25,3440,68.6,75
261,https://www.maxongroup.com/maxon/view/product/motor/ecmotor/ecflat/ecflat45/400580,45,16.25,3290,66.0,75
262,https://www.maxongroup.com/maxon/view/product/motor/ecmotor/ecflat/ecflat45/200142,45,16.25,3050,57.1,75
263,https://www.maxongroup.com/maxon/view/product/motor/ecmotor/ecflat/ecflat45/387266,45,16.25,3050,57.1,75
264,https://www.maxongroup.com/maxon/view/product/motor/ecmotor/ecframeless/EC45Frameless/548273,45,20.55,3010,57.1,89
265,https://www.maxongroup.com/maxon/view/product/motor/ecmotor/ecflat/ecflat45/668555,45,17.8,3050,57.1,75
266,https://www.maxongroup.com/maxon/view/product/motor/ecmotor/ecflat/ecflat45/200189,45,16.25,2930,56.9,75
267,https://www.maxongroup.com/maxon/view/product/motor/ecmotor/ecflat/ecflat45/339283,45,16.25,3040,56.9,75
268,https://www.maxongroup.com/maxon/view/product/motor/ecmotor/ecframeless/EC45Frameless/574537,45,20.55,3060,56.9,89
269,https://www.maxongroup.com/maxon/view/product/motor/ecmotor/ecflat/ecflat45/668556,45,17.8,3070,56.9,75
270,https://www.maxongroup.com/maxon/view/product/motor/ecmotor/ecframeless/EC45Frameless/574536,45,20.55,3580,55.4,89
271,https://www.maxongroup.com/maxon/view/product/motor/ecmotor/ecflat/ecflat45/400527,45,16.25,2930,54.7,75
272,https://www.maxongroup.com/maxon/view/product/motor/ecmotor/ec/ec45/136207,45,144.0,4300,331.0,1150
273,https://www.maxongroup.com/maxon/view/product/motor/ecmotor/ec/ec45/136212,45,144.0,10000,316.0,1150
274,https://www.maxongroup.com/maxon/view/product/motor/ecmotor/ec/ec45/136210,45,144.0,7970,311.0,1150
275,https://www.maxongroup.com/maxon/view/product/motor/ecmotor/ecflat/ecflat45/200188,45,7.8,4780,23.8,57
276,https://www.maxongroup.com/maxon/view/product/motor/ecmotor/ecflat/ecflat45/200141,45,7.8,4540,23.6,57
277,https://www.maxongroup.com/maxon/view/product/motor/ecmotor/ecflat/ecflat45/339275,45,7.8,4840,20.1,57
278,https://www.maxongroup.com/maxon/view/product/motor/ecmotor/ecflat/ecflat45/339277,45,7.8,4720,20.0,57
279,https://www.maxongroup.com/maxon/view/product/motor/ecmotor/ec/ec45/136200,45,111.2,4190,191.0,850
280,https://www.maxongroup.com/maxon/view/product/motor/ecmotor/ec/ec45/136201,45,111.2,4640,187.0,850
281,https://www.maxongroup.com/maxon/view/product/motor/ecmotor/ec/ec45/136196,45,111.2,4370,186.0,850
282,https://www.maxongroup.com/maxon/view/product/motor/ecmotor/ec/ec45/136197,45,111.2,4680,184.0,850
283,https://www.maxongroup.com/maxon/view/product/motor/ecmotor/ec/ec45/136198,45,111.2,4840,183.0,850
284,https://www.maxongroup.com/maxon/view/product/motor/ecmotor/ec/ec45/136205,45,111.2,8150,179.0,850
285,https://www.maxongroup.com/maxon/view/product/motor/ecmotor/ec/ec45/136202,45,111.2,8410,174.0,850
286,https://www.maxongroup.com/maxon/view/product/motor/ecmotor/ec/ec45/136206,45,111.2,8960,174.0,850
287,https://www.maxongroup.com/maxon/view/product/motor/ecmotor/ecflat/ecflat45/608148,45,33.0,4520,174.0,149
288,https://www.maxongroup.com/maxon/view/product/motor/ecmotor/ecflat/ecflat45/608152,45,33.0,4520,174.0,149
289,https://www.maxongroup.com/maxon/view/product/motor/ecmotor/ec/ec45/136203,45,111.2,9000,171.0,850
290,https://www.maxongroup.com/maxon/view/product/motor/ecmotor/ecflat/ecflat45/591483,45,27.0,2890,170.0,147
291,https://www.maxongroup.com/maxon/view/product/motor/ecmotor/ecflat/ecflat45/608147,45,27.0,2890,170.0,147
292,https://www.maxongroup.com/maxon/view/product/motor/ecmotor/ec/ec45/136204,45,111.2,9290,169.0,850
293,https://www.maxongroup.com/maxon/view/product/motor/ecmotor/ecflat/ecflat45/608151,45,33.0,2900,169.0,149
294,https://www.maxongroup.com/maxon/view/product/motor/ecmotor/ecflat/ecflat45/608155,45,33.0,2900,169.0,149
295,https://www.maxongroup.com/maxon/view/product/motor/ecmotor/ecflat/ecflat45/591480,45,27.0,4560,167.0,147
296,https://www.maxongroup.com/maxon/view/product/motor/ecmotor/ecflat/ecflat45/608135,45,28.0,4280,164.0,115
297,https://www.maxongroup.com/maxon/view/product/motor/ecmotor/ecflat/ecflat45/608139,45,28.0,4280,164.0,115
298,https://www.maxongroup.com/maxon/view/product/motor/ecmotor/ecflat/ecflat45/608138,45,28.0,4300,149.0,115
299,https://www.maxongroup.com/maxon/view/product/motor/ecmotor/ecflat/ecflat45/608142,45,28.0,4300,149.0,115
300,https://www.maxongroup.com/maxon/view/product/motor/ecmotor/ecflat/ecflat45/608149,45,33.0,4820,147.0,149
301,https://www.maxongroup.com/maxon/view/product/motor/ecmotor/ecflat/ecflat45/608153,45,33.0,4820,147.0,149
302,https://www.maxongroup.com/maxon/view/product/motor/ecmotor/ecflat/ecflat45/608150,45,33.0,4510,146.0,149
303,https://www.maxongroup.com/maxon/view/product/motor/ecmotor/ecflat/ecflat45/608154,45,33.0,4510,146.0,149
304,https://www.maxongroup.com/maxon/view/product/motor/ecmotor/ecflat/ecflat45/352887,45,36.6,4500,144.0,260
305,https://www.maxongroup.com/maxon/view/product/motor/ecmotor/ecflat/ecflat45/370426,45,36.6,4500,144.0,260
306,https://www.maxongroup.com/maxon/view/product/motor/ecmotor/ecflat/ecflat45/688727,45,36.6,4500,144.0,260
307,https://www.maxongroup.com/maxon/view/product/motor/ecmotor/ecflat/ecflat45/651617,45,27.0,3010,143.0,150
308,https://www.maxongroup.com/maxon/view/product/motor/ecmotor/ecflat/ecflat45/591482,45,27.0,4560,140.0,147
309,https://www.maxongroup.com/maxon/view/product/motor/ecmotor/ecflat/ecflat45/608146,45,27.0,4560,140.0,147
310,https://www.maxongroup.com/maxon/view/product/motor/ecmotor/ecflat/ecflat45/591481,45,27.0,4870,139.0,147
311,https://www.maxongroup.com/maxon/view/product/motor/ecmotor/ecflat/ecflat45/608145,45,27.0,4870,139.0,147
312,https://www.maxongroup.com/maxon/view/product/motor/ecmotor/ecflat/ecflat45/608136,45,28.0,4700,136.0,115
313,https://www.maxongroup.com/maxon/view/product/motor/ecmotor/ecflat/ecflat45/608140,45,28.0,4700,136.0,115
314,https://www.maxongroup.com/maxon/view/product/motor/ecmotor/ecflat/ecflat45/608137,45,28.0,4560,135.0,115
315,https://www.maxongroup.com/maxon/view/product/motor/ecmotor/ecflat/ecflat45/608141,45,28.0,4560,135.0,115
316,https://www.maxongroup.com/maxon/view/product/motor/ecmotor/ecflat/ecflat45/402687,45,26.55,2540,134.0,141
317,https://www.maxongroup.com/maxon/view/product/motor/ecmotor/ecflat/ecflat45/411816,45,26.55,2540,134.0,141
318,https://www.maxongroup.com/maxon/view/product/motor/ecmotor/ecflat/ecflat45/591476,45,22.0,4510,134.0,113
319,https://www.maxongroup.com/maxon/view/product/motor/ecmotor/ecflat/ecflat45/608131,45,22.0,4510,134.0,113
320,https://www.maxongroup.com/maxon/view/product/motor/ecmotor/ecflat/ecflat45/651614,45,27.0,4750,134.0,150
321,https://www.maxongroup.com/maxon/view/product/motor/ecmotor/ecflat/ecflat45/397172,45,26.55,4860,128.0,141
322,https://www.maxongroup.com/maxon/view/product/motor/ecmotor/ecflat/ecflat45/411812,45,26.55,4860,128.0,141
323,https://www.maxongroup.com/maxon/view/product/motor/ecmotor/ecframeless/EC45Frameless/548270,45,28.6,4780,128.0,143
324,https://www.maxongroup.com/maxon/view/product/motor/ecmotor/ecflat/ecflat45/353526,45,38.8,3000,127.0,260
325,https://www.maxongroup.com/maxon/view/product/motor/ecmotor/ecflat/ecflat45/591479,45,22.0,4530,122.0,113
326,https://www.maxongroup.com/maxon/view/product/motor/ecmotor/ecflat/ecflat45/608134,45,22.0,4530,122.0,113
327,https://www.maxongroup.com/maxon/view/product/motor/ecmotor/ecflat/ecflat45/350910,45,38.8,4500,116.0,260
328,https://www.maxongroup.com/maxon/view/product/motor/ecmotor/ecflat/ecflat45/370427,45,38.8,4500,116.0,260
329,https://www.maxongroup.com/maxon/view/product/motor/ecmotor/ecflat/ecflat45/688723,45,38.8,4500,116.0,260
330,https://www.maxongroup.com/maxon/view/product/motor/ecmotor/ecflat/ecflat45/688724,45,38.8,4500,116.0,260
331,https://www.maxongroup.com/maxon/view/product/motor/ecmotor/ecflat/ecflat45/402685,45,26.55,4990,112.0,141
332,https://www.maxongroup.com/maxon/view/product/motor/ecmotor/ecflat/ecflat45/411814,45,26.55,4990,112.0,141
333,https://www.maxongroup.com/maxon/view/product/motor/ecmotor/ecframeless/EC45Frameless/574035,45,28.6,4950,112.0,143
334,https://www.maxongroup.com/maxon/view/product/motor/ecmotor/ecflat/ecflat45/651606,45,22.0,4690,112.0,116
335,https://www.maxongroup.com/maxon/view/product/motor/ecmotor/ecflat/ecflat45/651610,45,22.0,4690,112.0,116
336,https://www.maxongroup.com/maxon/view/product/motor/ecmotor/ecflat/ecflat45/651616,45,27.0,4750,112.0,150
337,https://www.maxongroup.com/maxon/view/product/motor/ecmotor/ecflat/ecflat45/651620,45,27.0,4750,112.0,150
338,https://www.maxongroup.com/maxon/view/product/motor/ecmotor/ecflat/ecflat45/591477,45,22.0,4970,110.0,113
339,https://www.maxongroup.com/maxon/view/product/motor/ecmotor/ecflat/ecflat45/608132,45,22.0,4970,110.0,113
340,https://www.maxongroup.com/maxon/view/product/motor/ecmotor/ecflat/ecflat45/651615,45,27.0,5080,110.0,150
341,https://www.maxongroup.com/maxon/view/product/motor/ecmotor/ecflat/ecflat45/651619,45,27.0,5080,110.0,150
342,https://www.maxongroup.com/maxon/view/product/motor/ecmotor/ecflat/ecflat45/608133,45,22.0,4810,109.0,113
343,https://www.maxongroup.com/maxon/view/product/motor/ecmotor/ecflat/ecflat45/402686,45,26.55,5080,108.0,141
344,https://www.maxongroup.com/maxon/view/product/motor/ecmotor/ecflat/ecflat45/411815,45,26.55,5080,108.0,141
345,https://www.maxongroup.com/maxon/view/product/motor/ecmotor/ecframeless/EC45Frameless/574036,45,28.6,5050,108.0,143
346,https://www.maxongroup.com/maxon/view/product/motor/ecmotor/ecflat/ecflat45/353516,45,31.6,3000,102.0,226
347,https://www.maxongroup.com/maxon/view/product/motor/ecmotor/ecflat/ecflat45/651609,45,22.0,4710,102.0,116
348,https://www.maxongroup.com/maxon/view/product/motor/ecmotor/ecflat/ecflat45/651613,45,22.0,4710,102.0,116
349,https://www.maxongroup.com/maxon/view/product/motor/ecmotor/ecflat/ecflat45/352886,45,31.6,6000,100.0,226
350,https://www.maxongroup.com/maxon/view/product/motor/ecmotor/ecflat/ecflat45/353517,45,31.6,6000,100.0,226
351,https://www.maxongroup.com/maxon/view/product/motor/ecmotor/ecflat/ecflat45/688725,45,31.6,6000,100.0,226
352,https://www.maxongroup.com/maxon/view/product/motor/ecmotor/ECX-Flat/ECX-Flat-42/ECXA42SZF10L8IL1Y667A,42,17.8,6540,63.5,112
353,https://www.maxongroup.com/maxon/view/product/motor/ecmotor/ECX-Flat/ECX-Flat-42/ECXA42SZF10L8IL1Y601A,42,17.8,6290,59.8,112
354,https://www.maxongroup.com/maxon/view/product/motor/ecmotor/ECX-Flat/ECX-Flat-42/ECXA42MZF50E8ILACV1Y595A,42,21.2,5740,292.0,127
355,https://www.maxongroup.com/maxon/view/product/motor/ecmotor/ECX-Flat/ECX-Flat-42/ECXA42MZF50E8ILACV1Y519A,42,21.2,6100,285.0,127
356,https://www.maxongroup.com/maxon/view/product/motor/ecmotor/ECX-Flat/ECX-Flat-42/ECXA42MZF50E8ILACO1Y595A,42,21.2,6070,220.0,127
357,https://www.maxongroup.com/maxon/view/product/motor/ecmotor/ECX-Flat/ECX-Flat-42/ECXA42MZF50E8ILACO1Y519A,42,21.2,6470,213.0,127
358,https://www.maxongroup.com/maxon/view/product/motor/ecmotor/ECX-Flat/ECX-Flat-42/ECXA42SZF50E8ILACV1Y631A,42,17.8,6810,173.0,106
359,https://www.maxongroup.com/maxon/view/product/motor/ecmotor/ECX-Flat/ECX-Flat-42/ECXA42SZF50E8ILACV1Y558A,42,17.8,7070,171.0,106
360,https://www.maxongroup.com/maxon/view/product/motor/ecmotor/ECX-Flat/ECX-Flat-42/ECXA42SZF50E8ILACO1Y631A,42,17.8,7020,133.0,106
361,https://www.maxongroup.com/maxon/view/product/motor/ecmotor/ECX-Flat/ECX-Flat-42/ECXA42SZF50E8ILACO1Y558A,42,17.8,7320,130.0,106
362,https://www.maxongroup.com/maxon/view/product/motor/ecmotor/ecmax/ecmax40/283868,40,58.0,7030,95.0,460
363,https://www.maxongroup.com/maxon/view/product/motor/dcmotor/re/re40/148866,40,71.0,6380,94.9,480
364,https://www.maxongroup.com/maxon/view/product/motor/ecmotor/ecmax/ecmax40/283869,40,58.0,7610,94.2,460
365,https://www.maxongroup.com/maxon/view/product/motor/ecmotor/ecmax/ecmax40/283866,40,58.0,6410,89.7,460
366,https://www.maxongroup.com/maxon/view/product/motor/dcmotor/re/re40/448590,40,71.0,2470,88.2,480
367,https://www.maxongroup.com/maxon/view/product/motor/dcmotor/re/re40/448588,40,71.0,2560,87.8,480
368,https://www.maxongroup.com/maxon/view/product/motor/dcmotor/re/re40/448589,40,71.0,2580,87.8,480
369,https://www.maxongroup.com/maxon/view/product/motor/dcmotor/re/re40/448591,40,71.0,2640,87.6,480
370,https://www.maxongroup.com/maxon/view/product/motor/dcmotor/re/re40/448592,40,71.0,2400,87.6,480
371,https://www.maxongroup.com/maxon/view/product/motor/ecmotor/EC-i/449470,40,36.0,8720,84.8,240
372,https://www.maxongroup.com/maxon/view/product/motor/ecmotor/EC-i/496652,40,26.0,6080,78.9,180
373,https://www.maxongroup.com/maxon/view/product/motor/ecmotor/EC-i/496653,40,26.0,6310,73.9,180
374,https://www.maxongroup.com/maxon/view/product/motor/ecmotor/EC-i/449469,40,36.0,8220,69.8,240
375,https://www.maxongroup.com/maxon/view/product/motor/ecmotor/EC-i/496650,40,26.0,6390,65.7,180
376,https://www.maxongroup.com/maxon/view/product/motor/ecmotor/EC-i/496651,40,26.0,6520,65.2,180
377,https://www.maxongroup.com/maxon/view/product/motor/ecmotor/EC-i/449464,40,26.0,10200,53.6,170
378,https://www.maxongroup.com/maxon/view/product/motor/ecmotor/EC-i/449463,40,26.0,9640,43.9,170
379,https://www.maxongroup.com/maxon/view/product/motor/ecmotor/EC-i/666603,40,56.0,3910,343.0,587
380,https://www.maxongroup.com/maxon/view/product/motor/ecmotor/EC-i/666602,40,56.0,3940,327.0,587
381,https://www.maxongroup.com/maxon/view/product/motor/ecmotor/EC-i/676600,40,56.0,3990,301.0,587
382,https://www.maxongroup.com/maxon/view/product/motor/ecmotor/EC-i/666601,40,56.0,3920,276.0,587
383,https://www.maxongroup.com/maxon/view/product/motor/ecmotor/EC-i/488607,40,56.0,4390,224.0,390
384,https://www.maxongroup.com/maxon/view/product/motor/ecmotor/ecmax/ecmax40/283873,40,88.0,2670,211.0,720
385,https://www.maxongroup.com/maxon/view/product/motor/ecmotor/EC-i/496660,40,56.0,3920,209.0,390
386,https://www.maxongroup.com/maxon/view/product/motor/ecmotor/EC-i/496661,40,56.0,3950,208.0,390
387,https://www.maxongroup.com/maxon/view/product/motor/ecmotor/ecmax/ecmax40/283872,40,88.0,3770,203.0,720
388,https://www.maxongroup.com/maxon/view/product/motor/dcmotor/re/re40/218012,40,71.0,1510,192.0,480
389,https://www.maxongroup.com/maxon/view/product/motor/dcmotor/re/re40/218013,40,71.0,1080,192.0,480
390,https://www.maxongroup.com/maxon/view/product/motor/dcmotor/re/re40/218011,40,71.0,2060,190.0,480
391,https://www.maxongroup.com/maxon/view/product/motor/dcmotor/re/re40/218014,40,71.0,781,190.0,480
392,https://www.maxongroup.com/maxon/view/product/motor/dcmotor/re/re40/218010,40,71.0,2710,189.0,480
393,https://www.maxongroup.com/maxon/view/product/motor/ecmotor/ecmax/ecmax40/283871,40,88.0,6280,185.0,720
394,https://www.maxongroup.com/maxon/view/product/motor/dcmotor/re/re40/218009,40,71.0,4930,180.0,480
395,https://www.maxongroup.com/maxon/view/product/motor/dcmotor/re/re40/148867,40,71.0,6940,177.0,480
396,https://www.maxongroup.com/maxon/view/product/motor/ecmotor/ecmax/ecmax40/283870,40,88.0,9250,170.0,720
397,https://www.maxongroup.com/maxon/view/product/motor/ecmotor/ec/ec40/369146,40,80.0,9090,169.0,580
398,https://www.maxongroup.com/maxon/view/product/motor/ecmotor/ec/ec40/393023,40,80.0,9130,163.0,580
399,https://www.maxongroup.com/maxon/view/product/motor/ecmotor/ec/ec40/393025,40,80.0,9150,163.0,580
400,https://www.maxongroup.com/maxon/view/product/motor/ecmotor/ec/ec40/393024,40,80.0,9380,160.0,580
401,https://www.maxongroup.com/maxon/view/product/motor/ecmotor/EC-i/496656,40,36.0,4100,152.0,250
402,https://www.maxongroup.com/maxon/view/product/motor/ecmotor/ec/ec40/118898,40,70.0,4820,130.0,390
403,https://www.maxongroup.com/maxon/view/product/motor/ecmotor/EC-i/496655,40,36.0,6450,130.0,250
404,https://www.maxongroup.com/maxon/view/product/motor/ecmotor/ec/ec40/118899,40,70.0,1990,129.0,390
405,https://www.maxongroup.com/maxon/view/product/motor/ecmotor/EC-Sonderprogramm/167181,40,70.0,4280,127.0,390
406,https://www.maxongroup.com/maxon/view/product/motor/ecmotor/EC-Sonderprogramm/167183,40,70.0,2390,127.0,390
407,https://www.maxongroup.com/maxon/view/product/motor/ecmotor/EC-Sonderprogramm/167179,40,70.0,8700,125.0,390
408,https://www.maxongroup.com/maxon/view/product/motor/ecmotor/ec/ec40/118895,40,70.0,10400,124.0,390
409,https://www.maxongroup.com/maxon/view/product/motor/ecmotor/ec/ec40/118896,40,70.0,9280,124.0,390
410,https://www.maxongroup.com/maxon/view/product/motor/ecmotor/EC-Sonderprogramm/167178,40,70.0,9120,124.0,390
411,https://www.maxongroup.com/maxon/view/product/motor/ecmotor/EC-Sonderprogramm/167177,40,70.0,10800,123.0,390
412,https://www.maxongroup.com/maxon/view/product/motor/ecmotor/ec/ec40/118894,40,70.0,9190,121.0,390
413,https://www.maxongroup.com/maxon/view/product/motor/ecmotor/EC-Sonderprogramm/167176,40,70.0,8900,121.0,390
414,https://www.maxongroup.com/maxon/view/product/motor/ecmotor/EC-i/496654,40,26.0,6890,105.0,250
415,https://www.maxongroup.com/maxon/view/product/motor/ecmotor/ECX/ECX-SPEED/ECX04-SPEED/ECXZ04L1KF50N1IL1D554A,4,25.5,13500,0.344,2
416,https://www.maxongroup.com/maxon/view/product/motor/ecmotor/ECX/ECX-SPEED/ECX04-SPEED/ECXZ04L1KF50N1IL1D554B,4,25.5,13500,0.344,2
417,https://www.maxongroup.com/maxon/view/product/motor/ecmotor/ec/ec4/423511,4,25.8,13400,0.341,2
418,https://www.maxongroup.com/maxon/view/product/motor/ecmotor/ec/ec4/431284,4,25.8,13400,0.341,2
419,https://www.maxongroup.com/maxon/view/product/motor/ecmotor/ECX/ECX-SPEED/ECX04-SPEED/ECXZ04L1KF50N1IL1D456A,4,25.5,23200,0.34,2
420,https://www.maxongroup.com/maxon/view/product/motor/ecmotor/ECX/ECX-SPEED/ECX04-SPEED/ECXZ04L1KF50N1IL1D456B,4,25.5,23200,0.34,2
421,https://www.maxongroup.com/maxon/view/product/motor/ecmotor/ec/ec4/414402,4,25.8,23000,0.338,2
422,https://www.maxongroup.com/maxon/view/product/motor/ecmotor/ec/ec4/431182,4,25.8,23000,0.338,2
423,https://www.maxongroup.com/maxon/view/product/motor/ecmotor/ec/ec4/423525,4,18.8,13400,0.239,1
424,https://www.maxongroup.com/maxon/view/product/motor/ecmotor/ec/ec4/431558,4,18.8,13400,0.239,1
425,https://www.maxongroup.com/maxon/view/product/motor/ecmotor/ECX/ECX-SPEED/ECX04-SPEED/ECXZ04M1KF50N1IL1D591A,4,18.5,13400,0.239,1
426,https://www.maxongroup.com/maxon/view/product/motor/ecmotor/ECX/ECX-SPEED/ECX04-SPEED/ECXZ04M1KF50N1IL1D591B,4,18.5,13400,0.239,1
427,https://www.maxongroup.com/maxon/view/product/motor/ecmotor/ECX/ECX-SPEED/ECX04-SPEED/ECXZ04M1KF50N1IL1D524A,4,18.5,12100,0.229,1
428,https://www.maxongroup.com/maxon/view/product/motor/ecmotor/ECX/ECX-SPEED/ECX04-SPEED/ECXZ04M1KF50N1IL1D524B,4,18.5,12100,0.229,1
429,https://www.maxongroup.com/maxon/view/product/motor/ecmotor/ec/ec4/423518,4,18.8,11700,0.225,1
430,https://www.maxongroup.com/maxon/view/product/motor/ecmotor/ec/ec4/431555,4,18.8,11700,0.225,1
431,https://www.maxongroup.com/maxon/view/product/motor/ecmotor/ecframelessdt/EC38Frameless/814370,38,19.0,10100,96.8,125
432,https://www.maxongroup.com/maxon/view/product/motor/ecmotor/ecframelessdt/EC38Frameless/800948,38,25.0,5110,186.0,170
433,https://www.maxongroup.com/maxon/view/product/motor/dcmotor/DCX/DCX35/DCX35L01GBKL434,35,70.5,7610,77.7,385
434,https://www.maxongroup.com/maxon/view/product/motor/dcmotor/re/re35/273752,35,71.0,6500,74.2,340
435,https://www.maxongroup.com/maxon/view/product/motor/dcmotor/DCX/DCX35/DCX35L01GBKL595,35,70.5,6140,138.0,385
436,https://www.maxongroup.com/maxon/view/product/motor/dcmotor/DCX/DCX35/DCX35L01GBKL604,35,70.5,7150,134.0,385
437,https://www.maxongroup.com/maxon/view/product/motor/dcmotor/DCX/DCX35/DCX35L01GBKL549,35,70.5,7410,128.0,385
438,https://www.maxongroup.com/maxon/view/product/motor/dcmotor/DCX/DCX35/DCX35L01GBKL511,35,70.5,7160,121.0,385
439,https://www.maxongroup.com/maxon/view/product/motor/dcmotor/DCX/DCX35/DCX35L01GBKL488,35,70.5,6640,120.0,385
440,https://www.maxongroup.com/maxon/view/product/motor/dcmotor/re/re35/273759,35,71.0,2980,108.0,340
441,https://www.maxongroup.com/maxon/view/product/motor/dcmotor/re/re35/285792,35,71.0,2980,108.0,340
442,https://www.maxongroup.com/maxon/view/product/motor/dcmotor/re/re35/323890,35,71.0,6980,108.0,340
443,https://www.maxongroup.com/maxon/view/product/motor/dcmotor/re/re35/323891,35,71.0,6980,108.0,340
444,https://www.maxongroup.com/maxon/view/product/motor/dcmotor/re/re35/273760,35,71.0,2290,107.0,340
445,https://www.maxongroup.com/maxon/view/product/motor/dcmotor/re/re35/273761,35,71.0,1720,107.0,340
446,https://www.maxongroup.com/maxon/view/product/motor/dcmotor/re/re35/285791,35,71.0,3930,107.0,340
447,https://www.maxongroup.com/maxon/view/product/motor/dcmotor/re/re35/285793,35,71.0,2290,107.0,340
448,https://www.maxongroup.com/maxon/view/product/motor/dcmotor/re/re35/285794,35,71.0,1720,107.0,340
449,https://www.maxongroup.com/maxon/view/product/motor/dcmotor/re/re35/273762,35,71.0,1220,106.0,340
450,https://www.maxongroup.com/maxon/view/product/motor/dcmotor/re/re35/273763,35,71.0,736,106.0,340
451,https://www.maxongroup.com/maxon/view/product/motor/dcmotor/re/re35/285795,35,71.0,1220,106.0,340
452,https://www.maxongroup.com/maxon/view/product/motor/dcmotor/re/re35/285796,35,71.0,736,106.0,340
453,https://www.maxongroup.com/maxon/view/product/motor/dcmotor/re/re35/273756,35,71.0,5870,105.0,340
454,https://www.maxongroup.com/maxon/view/product/motor/dcmotor/re/re35/285789,35,71.0,5870,105.0,340
455,https://www.maxongroup.com/maxon/view/product/motor/dcmotor/re/re35/273755,35,71.0,6500,104.0,340
456,https://www.maxongroup.com/maxon/view/product/motor/dcmotor/re/re35/285788,35,71.0,6500,104.0,340
457,https://www.maxongroup.com/maxon/view/product/motor/dcmotor/re/re35/285790,35,71.0,5160,104.0,340
458,https://www.maxongroup.com/maxon/view/product/motor/dcmotor/re/re35/273753,35,71.0,6460,102.0,340
459,https://www.maxongroup.com/maxon/view/product/motor/dcmotor/re/re35/285786,35,71.0,6460,102.0,340
460,https://www.maxongroup.com/maxon/view/product/motor/ecmotor/ecflat/ecflat32/339261,32,8.4,4450,9.2,32
461,https://www.maxongroup.com/maxon/view/product/motor/ecmotor/ecflat/ecflat32/339265,32,8.4,4450,9.2,32
462,https://www.maxongroup.com/maxon/view/product/motor/dcmotor/DCX/DCX32/DCX32L01GBKL448,32,72.0,6560,89.4,325
463,https://www.maxongroup.com/maxon/view/product/motor/ecmotor/ECX-Flat/ECX-Flat-32/ECXA32LZF50E6ILACO1Y330A,32,18.7,8320,84.6,71
464,https://www.maxongroup.com/maxon/view/product/motor/ecmotor/ECX-Flat/ECX-Flat-32/ECXA32LZF50E6ILACO1Y353A,32,18.7,10200,84.2,71
465,https://www.maxongroup.com/maxon/view/product/motor/ecmotor/ECX-Flat/ECX-Flat-32/ECXA32LZF50E6ILACO1Y376A,32,18.7,11100,83.2,71
466,https://www.maxongroup.com/maxon/view/product/motor/ecmotor/ECX-Flat/ECX-Flat-32/ECXA32SZF50E6ILACO1Y409A,32,16.0,10300,81.0,59
467,https://www.maxongroup.com/maxon/view/product/motor/ecmotor/ec4pole/397799,32,162.0,4670,804.0,860
468,https://www.maxongroup.com/maxon/view/product/motor/ecmotor/ec4pole/397800,32,142.0,4670,804.0,860
469,https://www.maxongroup.com/maxon/view/product/motor/ecmotor/ECX-Flat/ECX-Flat-32/ECXA32SZF50E6ILACO1Y353A,32,16.2,9400,80.0,59
470,https://www.maxongroup.com/maxon/view/product/motor/ecmotor/ecflat/ecflat32/200138,32,8.4,3640,8.7,32
471,https://www.maxongroup.com/maxon/view/product/motor/ecmotor/ecflat/ecflat32/200187,32,8.4,3640,8.7,32
472,https://www.maxongroup.com/maxon/view/product/motor/ecmotor/ECX-Flat/ECX-Flat-32/ECXA32LZF50E6ILACO1Y509A,32,18.7,8290,78.1,71
473,https://www.maxongroup.com/maxon/view/product/motor/ecmotor/ecflat/ecflat32/339260,32,8.4,3180,7.8,32
474,https://www.maxongroup.com/maxon/view/product/motor/ecmotor/ecflat/ecflat32/339264,32,8.0,3180,7.8,32
475,https://www.maxongroup.com/maxon/view/product/motor/ecmotor/ecflat/ecflat32/339263,32,8.4,3940,7.46,32
476,https://www.maxongroup.com/maxon/view/product/motor/ecmotor/ec/ec32/118889,32,60.0,9450,47.2,270
477,https://www.maxongroup.com/maxon/view/product/motor/ecmotor/ec/ec32/118888,32,60.0,11500,45.9,270
478,https://www.maxongroup.com/maxon/view/product/motor/ecmotor/ec/ec32/118890,32,60.0,9740,45.9,270
479,https://www.maxongroup.com/maxon/view/product/motor/dcmotor/amax/amax32/236662,32,62.9,5060,45.5,240
480,https://www.maxongroup.com/maxon/view/product/motor/dcmotor/amax/amax32/236669,32,61.5,5060,45.5,240
481,https://www.maxongroup.com/maxon/view/product/motor/dcmotor/amax/amax32/262500,32,62.9,5060,45.5,240
482,https://www.maxongroup.com/maxon/view/product/motor/dcmotor/amax/amax32/353239,32,61.5,5060,45.5,240
483,https://www.maxongroup.com/maxon/view/product/motor/dcmotor/amax/amax32/236664,32,62.9,4430,45.4,240
484,https://www.maxongroup.com/maxon/view/product/motor/dcmotor/amax/amax32/236671,32,61.5,4430,45.4,240
485,https://www.maxongroup.com/maxon/view/product/motor/dcmotor/amax/amax32/353233,32,62.9,4430,45.4,240
486,https://www.maxongroup.com/maxon/view/product/motor/dcmotor/amax/amax32/353241,32,61.5,4430,45.4,240
487,https://www.maxongroup.com/maxon/view/product/motor/ecmotor/ec/ec32/118892,32,60.0,12700,45.2,270
488,https://www.maxongroup.com/maxon/view/product/motor/dcmotor/amax/amax32/236670,32,61.5,4740,45.1,240
489,https://www.maxongroup.com/maxon/view/product/motor/dcmotor/amax/amax32/341970,32,62.9,4740,45.1,240
490,https://www.maxongroup.com/maxon/view/product/motor/dcmotor/amax/amax32/353240,32,61.5,4740,45.1,240
491,https://www.maxongroup.com/maxon/view/product/motor/dcmotor/amax/amax32/236672,32,61.5,4210,45.0,240
492,https://www.maxongroup.com/maxon/view/product/motor/dcmotor/amax/amax32/353234,32,62.9,4210,45.0,240
493,https://www.maxongroup.com/maxon/view/product/motor/dcmotor/amax/amax32/353242,32,61.5,4210,45.0,240
494,https://www.maxongroup.com/maxon/view/product/motor/ecmotor/ec/ec32/118891,32,60.0,13400,44.6,270
495,https://www.maxongroup.com/maxon/view/product/motor/dcmotor/amax/amax32/236659,32,62.9,3400,44.5,240
496,https://www.maxongroup.com/maxon/view/product/motor/dcmotor/amax/amax32/236666,32,61.5,3400,44.5,240
497,https://www.maxongroup.com/maxon/view/product/motor/dcmotor/amax/amax32/353230,32,62.9,3400,44.5,240
498,https://www.maxongroup.com/maxon/view/product/motor/dcmotor/amax/amax32/353236,32,61.5,3400,44.5,240
499,https://www.maxongroup.com/maxon/view/product/motor/dcmotor/amax/amax32/236661,32,62.9,3170,44.0,240
500,https://www.maxongroup.com/maxon/view/product/motor/dcmotor/amax/amax32/236668,32,61.5,3170,44.0,240
